Checklist,#,Case,Source SHA-256,SNOPT SHA-256,Replay,Refinement,Classification,Decision Log,Candidate Artifact,Manual Decision,README,detail,Action
global_mission_options,1,global_mission_options/globalmissionoptions_MGALT_DLAbounds,878e84e922ef6d9d61a73105ce8ff2828189b5e6262a74e17952d6bc73f0a050,8770d6cbe186dcabdbb1d7b6a9ca1ff2d6938fcf53460e6ce12cee7eb8b75a13,pending,pending,pending,pending,pending,pending,not created,SNOPT replay did not reproduce the immutable baseline,
global_mission_options,2,global_mission_options/globalmissionoptions_MGALT_RLAbounds,cd16f3e4927c1f876162ab88c4c99135a1df73b0d2fa51cf69ffe94adb762f5e,789da17e75652573ccde60e67fcb8e22171b8ba40abdf2d8c639ef3d6fbe5149,pending,pending,pending,pending,pending,pending,not created,SNOPT replay did not reproduce the immutable baseline,
global_mission_options,3,global_mission_options/globalmissionoptions_MGALT_constrDryMass,33b2f056fa2c4d49bc15ebc1052da99bb50acb8c7de659725e8ff1251a1171d5,3abb7ba0723ee85fde9bc779964455bd0b8fc365afe90ae6e861a0b906c4a48c,pending,pending,pending,pending,pending,pending,not created,SNOPT replay did not reproduce the immutable baseline,
global_mission_options,4,global_mission_options/globalmissionoptions_MGALT_constrFinalMass,449081519576e1b3cd6ac480aaeb4c2c29b67181d69a1a2acf4c597182117434,7d543d1c5c3685329e78efe67d95fc394e202ea394ecb827c6b625f12d91efef,pending,pending,pending,pending,pending,pending,not created,SNOPT replay did not reproduce the immutable baseline,
global_mission_options,5,global_mission_options/globalmissionoptions_MGALT_includeInitialImpulse,b0f64668ff32b50d03f9a3b9e63ab6489e213b7a1c15e5ad65c8ec2156d9c7d5,8cddb4f7d0edc9c2d8efede5b9d8943ba6d4da869435d4a4c13953c4b56b40b4,pending,pending,pending,pending,pending,pending,not created,SNOPT replay did not reproduce the immutable baseline,
global_mission_options,6,global_mission_options/globalmissionoptions_MGALT_numtimesteps,86770e5c914996877bddf4d0782a063837de2c3ed743ab688312ec2f5ffa6a26,071c5eb37f951336a0de0164543fd12e9fe2a888d423b72f6ed03bfbf23dac64,pending,pending,pending,pending,pending,pending,not created,,
global_mission_options,7,global_mission_options/globalmissionoptions_MGALT_obj0,1d8e5b00818d4dfceb78080f05fa244f0727f2af1db85d5bea2a1ed18828dfb2,f14f65f00e6dd25fa9b577caaa05856e2a029c2b25f55caddeef0a6adfe59378,pending,pending,pending,pending,pending,pending,not created,,
global_mission_options,8,global_mission_options/globalmissionoptions_MGALT_obj1,7c3b2c58004e11090ad2b670239d068029db9087c6c38655cf20a5d10cdf7bca,ef97e4742f162fea32cf65508c6b91e21ed647beeea31770f9d628080c42d2dd,pending,pending,pending,pending,pending,pending,not created,,
global_mission_options,9,global_mission_options/globalmissionoptions_MGALT_obj14,c9acac5ddace8325ee55436a7ce86ef59efaea64c8707e12c318390beb19e458,be677502f442b01ffae1384868d5a0263831c600fc7e5c3c4c931f46d3c85074,pending,pending,pending,pending,pending,pending,not created,,
global_mission_options,10,global_mission_options/globalmissionoptions_MGALT_obj15,17279de45300236bb3c0e95d9e0997e953d2fcb41517ab2db9b7b8c6e05f39c3,8645ed0c1a742176fd459a0af1f856dd32a28c5dc1eed59b99efc6201068ee86,pending,pending,pending,pending,pending,pending,not created,,
global_mission_options,11,global_mission_options/globalmissionoptions_MGALT_obj17,68de5443977ff9230f9588b00be8a2cfc5c91843cc61217a66a6943754f4d489,05d7d9f28a0e1a84817097c36fe51307ce324578d0b5b84717c8fd9e0ab672cb,pending,pending,pending,pending,pending,pending,not created,,
global_mission_options,12,global_mission_options/globalmissionoptions_MGALT_obj18,4ffb4d3c45727dd6217e2e76b7e75aca62ab7acd99982fe82034568e423158da,5b241dfae81a38e14fe044ee015e9ee22b326b4dd1b25b40143d7bea18ba9dca,pending,pending,pending,pending,pending,pending,not created,,
global_mission_options,13,global_mission_options/globalmissionoptions_MGALT_obj19,72f4e58530e60f016c7442c1ed6b2d744a6bb76cdf568d983a7136e83c17ac1e,9405a63d5ace74eb7616a22bc9b1d79b90b437c1e3b345bae58bcea84fc6c5c2,pending,pending,pending,pending,pending,pending,not created,,
global_mission_options,14,global_mission_options/globalmissionoptions_MGALT_obj20,9f6940952e23638c5cca0e99c226e2c27738dbe060dd571457f070c98e36f8f3,d62e51f7758f673633453b06895ff6d4d2839718cc5977a97954dc3c10ca3f6a,pending,pending,pending,pending,pending,pending,not created,,
global_mission_options,15,global_mission_options/globalmissionoptions_MGALT_obj22,298309259c58e17f684c15e90346d9441d468e3c9c4470aac69d0fcfa8c9d048,becf2078016964480923543bbccb0fd8582a53a1c6e67f6fac149c9c3ecf6c7f,pending,pending,pending,pending,pending,pending,not created,,
global_mission_options,16,global_mission_options/globalmissionoptions_MGALT_obj23,1a12b409020a6564a558e7e4c9f99ff7129d2c3028c4e815dce776dee2a8918c,7aeb7a0e0565c1602a309c45df2d7fed6aaf7f6db1c0e72af993d46d532d1e31,pending,pending,pending,pending,pending,pending,not created,,
global_mission_options,17,global_mission_options/globalmissionoptions_MGALT_obj3,9025639778e5d04879ebbbbdc039f6858c1856401d9702c0f59ee54f3745b024,aa344ad0ade7fa3c41c697a7afdb58960b203690c65216429f9c26389fb7a013,pending,pending,pending,pending,pending,pending,not created,,
global_mission_options,18,global_mission_options/globalmissionoptions_MGALT_obj4,a8ad1afca2e491e4a0b0468036878a000f30f6cb2f227e7639c1ded349ce040d,fa7258a876fc17092744078efba9fb53d41851a46edf6d7d71cdbe69301de5e3,pending,pending,pending,pending,pending,pending,not created,,
global_mission_options,19,global_mission_options/globalmissionoptions_MGALT_obj5,81e8da6f491161443dae393aa09628cffaab876088591ba8fabe440835aaba4e,e69b9318752b3f99adcc592151788a28f3c9b7c4f4896bb057b8aff12e603a4b,pending,pending,pending,pending,pending,pending,not created,,
global_mission_options,20,global_mission_options/globalmissionoptions_MGALT_obj8,64c6de9940936c1614b41c997d0a735c25a62dcf052a62678338aed77bd92b6b,fb9d21795cd42a5af566e7f27410e0b9d18a017a122560209dfdd73eca47f4fb,pending,pending,pending,pending,pending,pending,not created,,
global_mission_options,21,global_mission_options/globalmissionoptions_MGALT_obj9,3fa9143bac9834fb8be7830584b81afb9e60f28b7fd5d5136793160feaa035c9,653fff90d9394299163cabbe8af760297264182cc765d95b4d4f4957b85f8448,pending,pending,pending,pending,pending,pending,not created,,
global_mission_options,22,global_mission_options/globalmissionoptions_MGALT_postFlybyCoast,14cc7f205e445046ec1709e33baf2141465fb9d69148ae2c291a79bfb7986ac0,82280ae8308c5377872b3b38e6c25857564c8083facf1dd6329be438d7f9092f,pending,pending,pending,pending,pending,pending,not created,,
global_mission_options,23,global_mission_options/globalmissionoptions_MGALT_postLaunchTCM,4d0354603f632add94c740c9f649cd61e8dceb2d4fdce4d2307b495538e6ee1a,9bc934e87d9615d0efe96d74998e4f6a604ebf386a017816715bcbf79564c641,pending,pending,pending,pending,pending,pending,not created,,
global_mission_options,24,global_mission_options/globalmissionoptions_MGALT_postlaunchCoast,2a9f25033fd58294319172a00297dead6be27667ae33ca64e5af2cc7314fa239,90809cdddc588a5de2329f2abdb1e9d25cba3fa124899a615e1c56b45977817e,pending,pending,pending,pending,pending,pending,not created,,
global_mission_options,25,global_mission_options/globalmissionoptions_MGALT_preFlybyCoast,c87a7569ce2ec9321e4dd41f5acc4e71e6235656f463a8ea0b72c0b4ca9dae97,036a5790cebb0d4afc5dac389cdffe593eef3f1f7be0cbfb7570367330ed7770,pending,pending,pending,pending,pending,pending,not created,,
global_mission_options,26,global_mission_options/globalmissionoptions_MGALT_preFlybyTCM,20a0382cae644004a00a4e9bc1577ca769a3487c32018622b6029ffea260f519,efd8ef2aff5901ff40c30eaed9e368b822f5126121eece107510a0879a64d836,pending,pending,pending,pending,pending,pending,not created,,
global_mission_options,27,global_mission_options/globalmissionoptions_MGALT_timeboundsOFF,03ff29a113fc82599d75a2387179e6e81da50e5fbd7eeeadad465bf5463b10e5,5c9f5de10d04840420739007e89086ca53c0ca104dcd5349d3613fc860d977b2,pending,pending,pending,pending,pending,pending,not created,,
global_mission_options,28,global_mission_options/globalmissionoptions_MGAnDSMs_obj0,d518630e4999063d613309fc787713766f0ac28aa6e4f5a210742326577ed159,64c04646dbb41f41b87a936e207d200d0c362bcf03f1a34fea6734c4a935eac1,pending,pending,pending,pending,pending,pending,not created,,
journey_options,29,journey_options/AerodynamicDrag_EarthOrbit_Maneuver,4b63eb3fc29c10a42fe468a57c5ea956cd72ae56c191a3e631cc09aeb930d1ce,e7104eea8a5ebe11eb017bc569f9c70306de62c2249b932e42943bf403ddab6f,pass,pass,pass,pass,pass,baselined,not created,matched_snopt,
journey_options,30,journey_options/EME_stageAfterArrival,4745896de62c0a9f9db8f65c373cdc56e19b7a2ceff9a7f2978131e5977a0b2a,6fe9bc54e4d890f454cdd69ba4cb72c6be893bc8034712408b65a4d215d7fb19,pending,pending,pending,pending,pending,pending,not created,SNOPT replay did not reproduce the immutable baseline,
journey_options,31,journey_options/EME_stageBeforeArrival,04d0c6e408f195fa9fc52c8aca82a62032aff727993a7067b5ea01ba7efcefb1,8e049bc667df0788b83131c81d3b52dedb62a8c5d1ca6cf2380f1e6411be5f28,pending,pending,pending,pending,pending,pending,not created,SNOPT replay did not reproduce the immutable baseline,
journey_options,32,journey_options/EarthMarsVenus_FlybyDeparture,ff172b91600cdab1817e6bcb3dea5d8a3807e91e8adcb5b15978265b844c1ba4,7b9a512a1d34144b456e04235c4df9814d5106ab3422cb85a7c08bcf3af64381,pending,pending,pending,pending,pending,pending,not created,SNOPT replay did not reproduce the immutable baseline,
journey_options,33,journey_options/EarthMars_Depart2-2_Arrive2-2,23fc314052aa4686fe76fc5a84acc29f6973e0c6687fc7c8e2b29365eef4105b,cfa65d344a33b0fa31d74df4f2ad62d8fca3c527705b53d55e969233449a386e,pending,pending,pending,pending,pending,pending,not created,EMTG produced no .emtg result,
journey_options,34,journey_options/EarthToMarsBallisticRendezvous,7f89ee805ee97e777a1903d2e026b26ce4fa0ae87c2d0be915a3ae190628b206,9f5b503de4384f8b8605ab95e4a0881250fb873a38ba028fa665b0f1108a8e83,pending,pending,pending,pending,pending,pending,not created,,
journey_options,35,journey_options/EarthToMarsParkingOrbit,c56e469c66eaabe3d24e78d549b42a0ed1627b31675763fa694d31f1b1813e24,6792532c5d1edde2b7122d2621a72466bf18fd412aaa14a61fb1be0b86d82f0c,pending,pending,pending,pending,pending,pending,not created,,
journey_options,36,journey_options/EarthToMarsParkingOrbit_PatchedConic,a47501423bd1c4c4e51825cee1d2da5b72d44b4bd441d80ffc559cb152065b8e,484e182f493f9238046fcea0d98d22bcd0841984823a464666a2430c202f69ec,pending,pending,pending,pending,pending,pending,not created,,
journey_options,37,journey_options/EarthToMarsPeri,f3b4a5385eab4cc7380a9e1960db86f1ddbf145d18d7f7a1ce4ee9a399f3c5c8,85a7335c376b27ec81b86daa4a7b242ff4ae431e22f24f794d7b0570266ab051,pending,pending,pending,pending,pending,pending,not created,,
journey_options,38,journey_options/EarthToMarsPeri_boundedAggFlightTime,f741908fb9bd4550c49e7e868a39f8fe47653df3199d2f0dd3521b760eed1d0f,8804b660bf248e487e94a7cdcab2e40ba9e58c918c7e23ec4c4249b37e8689db,pending,pending,pending,pending,pending,pending,not created,,
journey_options,39,journey_options/EarthToMarsPeri_boundedarrivaldate,9e7536a21c22695c3c162b3e0896ba04a8b39a1a2a5c1af842155debddc5a783,abcad5d578b96af8172f84a8b5d4350a2961135e590abc8528913ced1edc7e60,pending,pending,pending,pending,pending,pending,not created,,
journey_options,40,journey_options/EarthToMarsPeri_boundedtime,518102ad044d509f56713efb059c02bbe0e7573563a9231272af2941ea192626,90c89419a5f789d4692f605a2541825d5e8abec76f77ff5ab6b12e84a013de38,pending,pending,pending,pending,pending,pending,not created,,
journey_options,41,journey_options/EarthToMarsPeri_ovverrideproptype,b531bd3d13469d3f119e97ceed9c96a5b667950eb332621f0425cac692afd6ad,440cf744c18f0bc95718a1e15d7074ec840cc6636aadc7ba86b45fdb0234cd6c,pending,pending,pending,pending,pending,pending,not created,,
journey_options,42,journey_options/EarthToMarsRendezvous,307bc13be4a4fa9664976a916ea236ed3ce4269864c7addd086b4a3ea4c524c0,6acc2a781b4c7ef7141042b08a3271f4449e25902666a17439562a28f5483b23,pending,pending,pending,pending,pending,pending,not created,,
journey_options,43,journey_options/EarthToMars_ForcedInitialCoast,623bd2962d0a10fc36b4dbc937ae88da13424d111050ce8539e23e3685877d1f,84f47b63761ba07d94df4f9ca8661726c4b610561c79e7a9de5a46dc246b1e99,pending,pending,pending,pending,pending,pending,not created,,
journey_options,44,journey_options/EarthToMars_ForcedTerminalCoast,a1cd31dd7c12f3d55c2a7f790add6e47a95b045f1fe16b408b2c57ee255109a9,7b5b2938ab91e00d79d18079ff16544ac20a0b4ec0f28b014d29bf67ace1fd97,pending,pending,pending,pending,pending,pending,not created,,
journey_options,45,journey_options/EarthToMars_JourneyEndDeltaV,912a6cfacf63a5c754e9479efeb4eb981c054a358ced34a026fa938b2d39c682,4fef986b1aca71151b607676da987b5062a3e0d2d3c1ee59519d2c6cb1728050,pending,pending,pending,pending,pending,pending,not created,,
journey_options,46,journey_options/EarthToMars_OverrideDutyCycle,ad1604cb927fe3b876e6f1b304702072774976985afa01b2fa3d3ef05a99117c,19b9cebe3cda64ef1d1f5a696e50d471faacdb78087dc2db78912c70a01c362d,pending,pending,pending,pending,pending,pending,not created,,
journey_options,47,journey_options/EarthToMars_coastphasematchpt,4646dcc6f09bce00e0255e74f9c2cf8d66f86676829da24603348e5be55f6f3f,2c4e3994ca83884ebf61689707af916d174b222ea17cb1a81adcd9595a26d756,pending,pending,pending,pending,pending,pending,not created,,
journey_options,48,journey_options/EarthToMars_dep1-2_atMars,a46e57f0a904731c742bfc358ea9916720a6a1eb78b8d822f27e4f27a899c3ed,9646d27b14091509d4038c92ebc7efd42e6d368b0f86f1c77b9eb4742657de71,pending,pending,pending,pending,pending,pending,not created,,
journey_options,49,journey_options/EarthToMars_fixedEndMassInc,1984c77c040de4d8696ba221064a478ef4bdfe5d75fbcbb6953ded388cdbcafa,6862a96cdda2b19181580c7773ef20c690d4e262d70a6674a82f24efabc976e4,pending,pending,pending,pending,pending,pending,not created,,
journey_options,50,journey_options/EarthToMars_fixedStartingMassInc,4fc577e9522c74cb227af43bc01528f6b3c35065743ebaaf02879446692d3eb2,aa55d3b8872d79b7a61f129e2c5a55ce13289e055e63b8466deaec7585ec10f9,pending,pending,pending,pending,pending,pending,not created,,
journey_options,51,journey_options/EarthToMars_overrideTimesteps,189f17115fcd64fbe37832f229f2dcddf6bdc930d687b582ce092bc7a9f3770e,b32c55f4b98bd6f6f56ad74fb74cdedacddfd504a2bff1ee313952956ab8b75a,pending,pending,pending,pending,pending,pending,not created,,
journey_options,52,journey_options/EarthToMars_variableMassInc,3bccfb55443e1cea936d9463d8d5c380be0d16524d2b59bb4ad84458d5b67971,bd68dbda874b753d8b4b346ee22ba0c10c85ac9a931076933aca9410892d2fda,pending,pending,pending,pending,pending,pending,not created,,
journey_options,53,journey_options/LEO_to_GEO,188a4bf405d15cc74f8e02297c2f7135e7785aabbe9af70902b64d6c41063245,e764387a71cb9851611823e729bf5b7fad105fe2f824ff01a7874823af502989,pending,pending,pending,pending,pending,pending,not created,,
journey_options,54,journey_options/default_PSBI_fixed_inertial_control,a20525b24e1ad92c53d55a248fbe8841a8bc67fb33324dc5f2308ff2238fa436,5fcc5b395fb5e184279e7f3955302bc98a9b4ca9ff4841ebd8f860b15e5a9bce,pending,pending,pending,pending,pending,pending,not created,,
journey_options,55,journey_options/default_force_unit_magnitude_control,ed3ddf0a57244ba02d17e5786746098a501ddb4fa2d45ead6587b8408b35e77b,63e98864d1eec5af11dd6eaae2f7c23f2b3a443552e19ca9b9c12991f483a28f,pending,pending,pending,pending,pending,pending,not created,,
journey_options,56,journey_options/default_with_Jupiter_perturbation,41dad8afadf95956dea025ade5126ce91b2d76c1cbdaca95121c386250763501,345a68137b8fc334ee8febc87bf2dde10ab617c7ae0b78ada23977ac236e1f60,pending,pending,pending,pending,pending,pending,not created,,
journey_options,57,journey_options/default_with_Jupiter_perturbations_PSBI,d3d8ab47fb4ac9991cef3f67c6a54a4f616e49e27e242cfc917fd28e49f4e681,9aa0d6add9ebc687c53baa1368332623d94285382353c96ba8609ba281fcc884,pending,pending,pending,pending,pending,pending,not created,,
journey_options,58,journey_options/default_zeroControl_intercept_MGALT,504d66dd4f84341fec04f713784452fd97863d71c92df16a3e64f88cecf4b4b6,db2b458abffef9b1d58ffdd6e07f41284576fd233dd2efb3686b2ca318a6d2af,pending,pending,pending,pending,pending,pending,not created,,
journey_options,59,journey_options/default_zeroControl_intercept_PSBI,b24e5ad4e0d0047830c0c10f983516391ba8914e0c7850d4d130aee6ce6da3e2,39c57d25d2267eb25481daf7cbf441b962949a5e0fe617f203d9f23515d45374,pending,pending,pending,pending,pending,pending,not created,,
journey_options,60,journey_options/escape_from_KSC_FreePointDirectDeparture_along_velocity_vector,bd6b4d6957c7677937db8103e60883058c0fb498d6a42440255be2f7a2e384f8,07abeec4ce60c72269ccc6c54d609bbd146fa8c2e9695a3158fed251e0bd995f,pending,pending,pending,pending,pending,pending,not created,,
journey_options,61,journey_options/park_to_SOI_FBLT,940706b4604668205c9d635631c14b498937f71f4637aaa9abae798db7b209f8,1e2ea9bc14fffc754bf4a004e1a73ebe50cf54864e87d8f90ed66937493c91ae,pending,pending,pending,pending,pending,pending,not created,,
output_options,62,output_options/outputoptions_frameICRF,b225e42f63baee0211e0ed0e0bc2ba8660dc318281b58d6a0dd985ea0dc603c9,cb6ea5a47170ee6b7af0a0292be889d661d13abb9c49141fe7c75404da9b744a,pending,pending,pending,pending,pending,pending,not created,SNOPT replay did not reproduce the immutable baseline,
output_options,63,output_options/outputoptions_frameJ2000BCF,abbcb09858c42507148f7836d3b108b098a95fe70b37fbf69983ebef5fb37025,690312a05ce352708e7d6fa2c3f6f852b718302f3891035e1553166f8d99b6d4,pending,pending,pending,pending,pending,pending,not created,SNOPT replay did not reproduce the immutable baseline,
output_options,64,output_options/outputoptions_frameTODBCF,c3b15af6498a33899801b5aaca573e0024408b956aee10fc5ac59953f0451052,46d280972bebdb01d946838e4c3468587df405f11f3e7f97717c75175cbc11d2,pending,pending,pending,pending,pending,pending,not created,SNOPT replay did not reproduce the immutable baseline,
output_options,65,output_options/outputoptions_frameTODBCI,a22b26d5ad1dcd40445c0ba15aefe84f5e80f3dd52ac88be1cf3eb135b2e8649,1e4e5d5a469092e017594dfced3ccde18f0c77ea2d022c49f2c7872b196db486,pending,pending,pending,pending,pending,pending,not created,SNOPT replay did not reproduce the immutable baseline,
output_options,66,output_options/outputoptions_outputjourneywaittimes,bddd85da6be5d4743297004ae950dd7b374d32db1b46a26b7ff466e94b57a49c,c468c7389c1c7d29f4eeb674a5cd64da2f9104c924d87c04d022475a96ac4136,pending,pending,pending,pending,pending,pending,not created,SNOPT replay did not reproduce the immutable baseline,
physics_options,67,physics_options/Earth_to_SmallBody_SAM,70c624fe3d0f3c1b4f298e227788ef9c85d4040fc4833fbf45cd9fcf14beeef4,800c466298b0209d5ec1b9cd2732e7115b25bc13c029b95ccbb4de1112db6b81,pending,pending,pending,pending,pending,pending,not created,Unable to prepare or compare replay: Decision variable at index 263 is outside its bounds,
physics_options,68,physics_options/physicsoptions_SPICEphem,01b64b8daff14febb3bcd16da72807a23d1018285f74fcca243788b50a4f259a,41c62a8a2ed27d249f93000331b868fa9abb35bd18f42fbd44179a07c153bcb2,pending,pending,pending,pending,pending,pending,not created,SNOPT replay did not reproduce the immutable baseline,
physics_options,69,physics_options/physicsoptions_add3rdbody,7e0e16400f724c1e917c9198ce926a69fcd679091680de9ecd632679c6f3f5ce,61638026eeb24414cf43b8fda51b97edb44d034ab9248596c27f6d6b3593ff60,pending,pending,pending,pending,pending,pending,not created,EMTG produced no .emtg result,
physics_options,70,physics_options/physicsoptions_addJ2,47aef72cdf7f781458f0c97bfb33ed37592c37df36c45a5e579baee18dca6943,29b497ed34857e3ecdbcc9cb59ee141668dffb50748c70794cb48676d7399e13,pending,pending,pending,pending,pending,pending,not created,,
physics_options,71,physics_options/physicsoptions_addSRP,f69d1c41c4d710f1d63194f10317e63bad43981c8c3da14782402657d32f7577,232db92c78036b47a1041c8c33a52558045b5a9dd0eb66e4dbb009911e1410ea,pending,pending,pending,pending,pending,pending,not created,,
physics_options,72,physics_options/physicsoptions_periapseCartesian,35e582d78c230f4b662b78c81441e1fe8e1b715b90441c99123eac54c239bdc8,c918f03558500286849fcfe4408d1970558d15b78487d341e9b5672d4d5255f5,pending,pending,pending,pending,pending,pending,not created,,
physics_options,73,physics_options/physicsoptions_periapseIncomingBplane,ef90e7915fe7824a3af73defc788fefb4d0bc5e8a5795e5f46090fc6b4564d21,2edf4eacc34174796316ddd9957c2dd169df05c2d75e3b57f0938ac399337c6e,pending,pending,pending,pending,pending,pending,not created,,
physics_options,74,physics_options/physicsoptions_periapseSphericalAZFPA,b357d40e1ef0c3c08a684f5962eda45ca93765de0840fcfe7c1a1a12626e2bed,5c239be213b707b7ebcac8a23bd1220aa904dbf57d0a9e3a392776f2cc90258e,pending,pending,pending,pending,pending,pending,not created,,
physics_options,75,physics_options/physicsoptions_periapseSphericalRADEC,3eb5d87823611f15151642319cccc3dfb36d787496aa2e6146abfe637f94ea9e,deabefbc422f6a826177ee1288f5f335aaca0521f030232062846c1ebabcdfdc,pending,pending,pending,pending,pending,pending,not created,,
physics_options,76,physics_options/physicsoptions_shortspline,5d011453b02e972be9598863944d0eb8135fc56b2ee2762d2ea570c7a2cc52b8,059eaef8837c46209b88ff1ca57282daa8dfde869ae1c6d716edd7f462a6c520,pending,pending,pending,pending,pending,pending,not created,,
script_constraint_tests,77,script_constraint_tests/EVM_MGAnDSMs_bEnd_but_not_pEnd_maneuverMagnitude,192595432e3fd7878474a6e9fac5640676e5fe88099662f88a1c06f8cb5f3a4c,4c58dc576f25f82c2390a7e22d6cb5a6034d91c8b643506deffd55866ce78875,pending,pending,pending,pending,pending,pending,not created,SNOPT replay did not reproduce the immutable baseline,
script_constraint_tests,78,script_constraint_tests/EVM_MGAnDSMs_flybyDeparture_distance_from_Earth,bb34a4d1c2f5fce0855f2a29c6057f601047f16983dfc5c730d3698c22bddd68,1fda4753e2eabb4fa427d59e1d912618a28588990e892887de32d3cf22da077c,pending,pending,pending,pending,pending,pending,not created,,
script_constraint_tests,79,script_constraint_tests/EVM_MGAnDSMs_pEnd_and_Bend_maneuverMagnitude,70bba6401a179c071d535b23cfc357483ea6aee1940e4e4c9c40f4193d470dfd,ec3ee5e6be06dc312f6592bbb0f70eb4e8de18047ea63182de3fe15e07412fe7,pending,pending,pending,pending,pending,pending,not created,,
script_constraint_tests,80,script_constraint_tests/EVM_MGAnDSMs_pEndbutnotBend_maneuverMagnitude,25c1499c713c0f250856797b8f7ad8e8dc02869dd4ddf2f13db0eac9a61a0288,c9288d64248f571b0c9309752e08ca74987da131a73b21fe1bfbbff2e4fce90a,pending,pending,pending,pending,pending,pending,not created,SNOPT replay did not reproduce the immutable baseline,
script_constraint_tests,81,script_constraint_tests/EVM_PSBI_pEnd_bpt,b0b85b4d6d83481b970e3a56ae94d17ef41cdf18b8ec3ad3ddb60db048e7bbbc,57d1950f067452befdd5b6824b1741cf53cbdd7893273974481534c56498f14a,pending,pending,pending,pending,pending,pending,not created,,
script_constraint_tests,82,script_constraint_tests/EVM_PSBI_pEnd_distance,c7fc2dc520b8049d5a6bd304c0ddb3768441fb52cdd37e39f147d80a1d3e4b85,a3fdf1f4f91cf585f7111dfc4dca76b60273814d5989886a4311532970dedff5,pending,pending,pending,pending,pending,pending,not created,,
script_constraint_tests,83,script_constraint_tests/EVM_pEndRRP_arrival,d91e3194c6bc8967c6a39221b842daf387c8c87ea1d1bff857fc847ca0add692,5152a3e8cabb2b7c7907c25c75b8675d219d08ada58f774f20c6166990f31590,pending,pending,pending,pending,pending,pending,not created,,
script_constraint_tests,84,script_constraint_tests/EVM_pEnd_distance,6cc0bf2a3cb934a509a4bc14e8bb7feb0517d2a40d2f7b62f043f4fbe61fbae1,a993b0f5bf56e6c67174df99458b7523be35d19992c0c30ad19b8231b865bb42,pending,pending,pending,pending,pending,pending,not created,,
script_constraint_tests,85,script_constraint_tests/EarthMarsLikePointFreePointChemRendezvous_RPRconjunction,763c7e6d3b9272db5ad87ab25e9dda670b6c477aace177092b27805384a2c45b,beba99c0e1e5b5d14953d53887d69bcf63d13ae4dbdf771f94f5506df34a8c0a,pending,pending,pending,pending,pending,pending,not created,,
script_constraint_tests,86,script_constraint_tests/EarthMarsLikePointFreePointChemRendezvous_RRPconjunction,ed4939baf106f7b82fd2b0930570cec8ee10742fdab10099c43cb8713203976c,8eedfbb7b45954968c7d7785cf89010936249e0d6a8e79d3f749f0deea75c8b0,pending,pending,pending,pending,pending,pending,not created,,
script_constraint_tests,87,script_constraint_tests/EarthMars_RPRangle_force_conjunction,1cb158a0bde78376ce12dc9dd178d7399c3b06ac2ac9d5c2ce0e8e70e56007e0,f4e45914bfb21ca77b81b5cd569c6c2787c34ad97514a59914e04c13fefdf06d,pending,pending,pending,pending,pending,pending,not created,,
script_constraint_tests,88,script_constraint_tests/EarthMars_RRPangle_force_conjunction,4f58cf07646fbde8c61f1533c5cb85a2aa0a3b2c4a4543891e931d0dc1dd7f23,c87cda3ced8e52bb092c9d6742d43efc305ec1c05c683280858998402441e8f3,pending,pending,pending,pending,pending,pending,not created,,
script_constraint_tests,89,script_constraint_tests/ShuttlePark_to_Molniya,1e093385ba79f4742c8a054ce63431759ab59a5068792778aee424f4abd1189a,142be7f8415a7c629f8d41ade44f520661f89ba0fabdf2b6cd0dd1dc53f1576e,pending,pending,pending,pending,pending,pending,not created,,
solver_options,90,solver_options/solveroptions_ACEfeasibility,72ec37ad80167fd44553849307a31a796eb7b18504fc14a11ac9f2d25a10cf33,30fcef35406a53abf6de284eab1c05c4dc9dc618569bf695800082f0c7236360,pending,pending,pending,pending,pending,pending,not created,SNOPT replay did not reproduce the immutable baseline,
solver_options,91,solver_options/solveroptions_MBH_RNG_seed,15e6733fe0f0a7cc69f178308c1f170b575033d458b105dde87c258d5830eb37,81889b2463fcf0f85249ade6ef758df113901d4996e40a8d84c32ca7960f8dc1,pending,pending,pending,pending,pending,pending,not created,,
solver_options,92,solver_options/solveroptions_NLPstepsub1,2b550645f9d586b4e41cc0c8512ce90dd97920c5ec89da899473893a4c964ae3,a40b1ac5ee1dca103171bfb9a74624f2da088300e6521d862a0187d31b0a5a30,pending,pending,pending,pending,pending,pending,not created,,
solver_options,93,solver_options/solveroptions_noChaperone,3804a84679634e1c9e77db117d3a1f9c25cf17d351a98deee8a8f3af53267814,075ae216719a1d547950e0e445840470efe5326b96788a544528a9856e998fb9,pending,pending,pending,pending,pending,pending,not created,,
solver_options,94,solver_options/solveroptions_skip1stNLP,06088cae782418ecc6d43dcd09657773d3f882a5e4aeb07f6f4011318c9e7133,0594c0fd4b888de38f186ea286d9244121f83447cc7faea6e9e47b2075925512,pending,pending,pending,pending,pending,pending,not created,,
spacecraft_options,95,spacecraft_options/Earth_to_SmallBody_SAM_RTG,2c1f70a40588a8140c2a8d1b6eacf99b7af509bf45b2d1e44b1a197d2890696d,af931dbe43ab88567572a2ac227a2ba7aaac2cee26907672354e74f0eb42bfdb,pending,pending,pending,pending,pending,pending,not created,EMTG produced no .emtg result,
spacecraft_options,96,spacecraft_options/Earth_to_SmallBody_SAM_solar_power,850ce7fc07aa74fd4a9667d652647b5fd057f99e3d7db27d5a947264127a861c,a5d6b6afce8c6208402c4ab9e9464a466a701704e3b183ce76ff501ae3ef7b24,pending,pending,pending,pending,pending,pending,not created,EMTG produced no .emtg result,
spacecraft_options,97,spacecraft_options/default_SCfile_PM,06af7911dd3ad60339d980a426b028378dd5b3e51001c49d2a995bd0bac3d406,b46c425592e96dac163c34c85219af45d905f92d955b14adf57936efa0955819,pending,pending,pending,pending,pending,pending,not created,,
spacecraft_options,98,spacecraft_options/spacecraft_LT_multiStage_spacecraftFile,dfd110491e431b51c99c824a014d322ce33eec439977e9acc91dcefd1d5646e9,f1176e18484eae153403c82d742c923a4b5d8ef1b81e3d9dc09c2030b7ad778b,pending,pending,pending,pending,pending,pending,not created,,
spacecraft_options,99,spacecraft_options/spacecraft_LT_powerFile,a23881791a63f7ff534764a8e7b828d0199d79d9ec626037f16f48856d0cd1e5,0ddf6e4a19369a52a7f6253966e1028c3a4414d9b9e3e4a6a89997ff07d0bbd4,pending,pending,pending,pending,pending,pending,not created,,
spacecraft_options,100,spacecraft_options/spacecraft_LT_propFile,4c3ed48ece61373f73cfcc0c06c153f28702524a55c202f505bb6a7101aeaa78,1478da1545de21d6a053de39ef43adae740a5d4b5d146d967cd243a5aaf2dedc,pending,pending,pending,pending,pending,pending,not created,,
spacecraft_options,101,spacecraft_options/spacecraft_LT_spacecraftFile,77e0500843e1870fbb0fcc4909b184149bbd5543fe79bc710e802ff6f4ddabf8,0b3a829c9bb294c4d5c6c548cf9fa9e96913ef79b0b8317f4dd7cc08ac9c8b1c,pending,pending,pending,pending,pending,pending,not created,,
spacecraft_options,102,spacecraft_options/spacecraftoptions_Chem_TrackACSProp,50240c807405c2a43b1494ed61ea6d3d8da42717493a79cc867d3e12206d33c0,9fa43892106ccc3b312c58f9f7a4fbaf947d5186731f8640eade783781a24b40,pending,pending,pending,pending,pending,pending,not created,,
spacecraft_options,103,spacecraft_options/spacecraftoptions_Chemmargin,f69145cd93e2fbe73a256eec21b39430a22c9242e6a0e03eb90b0874a1505345,9f2b0b522585b7c900fe1dfc17f40f4d7b53994b20c1fc58a1ceee2031b8a294,pending,pending,pending,pending,pending,pending,not created,,
spacecraft_options,104,spacecraft_options/spacecraftoptions_LT_Emargin,55df5e71f44dec5b5942ad4065dae42289204975fa8a4d5f34ffd98dae0cc2db,5115a257d5d309c07fe3f0f5c6faecbda07afed7db0f828194f7b8e6a14a604a,pending,pending,pending,pending,pending,pending,not created,,
spacecraft_options,105,spacecraft_options/spacecraftoptions_LT_ThrotMaxThrusters,1af9e230eb6d2e08b6ec6398e57338f28223642384ddb34d668719a976afdeda,4018851bb9ba39ed59c896f19e538a84e4152da196989903fe083889e1b5030f,pending,pending,pending,pending,pending,pending,not created,,
spacecraft_options,106,spacecraft_options/spacecraftoptions_LT_ThrotMinThrusters,fa9bacfcb5f615294bc91fb1f2b7d5c53628407c14fd3f5496561386f5d757e6,9fc579da88658a9a7a884c14c4e1b78677e4d6259c3f73d43215ae05327eae65,pending,pending,pending,pending,pending,pending,not created,,
spacecraft_options,107,spacecraft_options/spacecraftoptions_LT_ThrotSharpness,7e9c87a7d59d931a519952b9df11f31fb123159997a6698a4bdfca0d313eca59,f7fd2f77fb7a263c018e2467cefcd18a8161f656861d6f461bd831397635c069,pending,pending,pending,pending,pending,pending,not created,,
spacecraft_options,108,spacecraft_options/spacecraftoptions_LT_TrackACSProp,77ba3f1979069f6a68c296a087fd1ab14a061737a2cd35d968277c40630ac426,9d750a466f70a5f128b5ceaf12e4dd593c81c3a8da886aa54a85803e9aa2c754,pending,pending,pending,pending,pending,pending,not created,,
spacecraft_options,109,spacecraft_options/spacecraftoptions_LT_eng0,9e5b5595b46ad784e029f04a4ba5e01eae8891799ff7e966bbd2f073ff705c37,baf4ab4705298dd3c5381a8f8d2f7b1bb264ddd61fdd657a01b02f8149367bec,pending,pending,pending,pending,pending,pending,not created,,
spacecraft_options,110,spacecraft_options/spacecraftoptions_LT_eng3,ce775fdd22c40272e2ae79a12d0374d6a072f29d0de54871d9c587fe075e9ab9,bc88de7cb3bbd89a9e21f02272578387b00ee491bdd0f2c0edd4f7b48d317536,pending,pending,pending,pending,pending,pending,not created,SNOPT replay did not reproduce the immutable baseline,
spacecraft_options,111,spacecraft_options/spacecraftoptions_LT_eng3_polyArray,730f74a594d72dce5f888c3c8efd3ba19569a8403ca77f7bcb7dc111cd9a42d1,4c4dbc00367ea3be97e5609ead4942754c1a9ff853530945d157962a0bbfb555,pending,pending,pending,pending,pending,pending,not created,,
spacecraft_options,112,spacecraft_options/spacecraftoptions_LT_eng3_powmod1,2465b3ea2c0f6c442fc8df64b128024c3e486883e2b1aaa83e2a161da689b3c0,b76932a20d8a3b1d2fa2a1faf7daa3420772a07184a62c9a6d0d29405d944491,pending,pending,pending,pending,pending,pending,not created,,
spacecraft_options,113,spacecraft_options/spacecraftoptions_LT_eng5,c13698f23f244fe86dfa51958fe6fb66c88e6f9ec453c472080a3d300dfe49d0,e22045e59a54e3d31371d9083ee2fa8db0d5b24d48eed99fdd3746330e61edc8,pending,pending,pending,pending,pending,pending,not created,,
spacecraft_options,114,spacecraft_options/spacecraftoptions_LT_maxEprop,e4574ce6403b7ec937ab241c467311cc099b96166c164c20a5a38c34106adb06,b9a6097b47e98121cb52cf1d4d127be582dc7c9aeeed8f5b345bd4c3dae58445,pending,pending,pending,pending,pending,pending,not created,,
spacecraft_options,115,spacecraft_options/spacecraftoptions_LT_powdecay,ea6f49beb3fb0d3eca0b7feec6880f2aa458d36d753a86ee98201fb52a567b6d,c2bf824a4287f3433bf0cb9b242a4df799a9ca155ff37df473327ee585656fdc,pending,pending,pending,pending,pending,pending,not created,,
spacecraft_options,116,spacecraft_options/spacecraftoptions_LT_powsrc0,f70cc695bcb34454368b3ae8cd0e799eb2bfc5ffde5a1d86b362a0c53925edc5,8fc2e60108b11fc2476b92856c68623c654d4b990c3b9bc9a3892b9689a9fbcf,pending,pending,pending,pending,pending,pending,not created,,
spacecraft_options,117,spacecraft_options/spacecraftoptions_LV_FixedInitMass,a3511913f42b0c506b97d31c6e0f37125ee303b51eec596c25c93d4722c07aa6,8f5214a66e1f2b5af4bab1b6ab311cfaa5dc77f0a41ad642f7fcfacd7ee36e19,pending,pending,pending,pending,pending,pending,not created,,
spacecraft_options,118,spacecraft_options/spacecraftoptions_LVmargin,6c9883af7a65c8a514774de3e0d2858866ee3d4ab7f358bd7b375fb6eb0fc9b3,0ff8c39bc2b20c8dc63f8e8c40a7a9fb34abfe6b61e44b13ccff52b27fae0e1d,pending,pending,pending,pending,pending,pending,not created,,
spacecraft_options,119,spacecraft_options/spacecraftoptions_chemPropTankConstr,9f707680bea6fea3c32b9a4def2867d63cd5b337e3c6ffbc2d666ab5b6ad7f88,90504bf9c418b3297abc20fdcfbcae32dfb6cfa0b78c3aea68e33138ac679db8,pending,pending,pending,pending,pending,pending,not created,,
spacecraft_options,120,spacecraft_options/spacecraftoptions_dutyCycle,4b6adca87c1b66b396b33c529f6555f0ab31506d574e3bd3297e7ea0c6292d0b,5461a21091ad5c511badf0452988c1173999a00e30093ce02e22ec8c35a5e566,pending,pending,pending,pending,pending,pending,not created,,
spacecraft_options,121,spacecraft_options/spacecraftoptions_dutyCycleReal,7681d8dac214f433c59212ddeb0709facd33ed44abe7d91e88fed29ea235902d,59069b12a4f81834c71ca244f436d12df2dbc5fec7da5b8cbbbcb9b7444c9beb,pending,pending,pending,pending,pending,pending,not created,,
spacecraft_options,122,spacecraft_options/spacecraftoptions_maxChemOx,c0b5a942b518f59e72f9e83eedfa4e218f1eb2d0161d9fe4fdae62518e8046dc,6eb1d7aa183481559f5333c6ad60989e915e4c8f45518bb7eff934bd1d081f7b,pending,pending,pending,pending,pending,pending,not created,,
spacecraft_options,123,spacecraft_options/spacecraftoptions_powMargin,97df17312f76c3f6c1b0cf50d4668b8cd4d663af50d9aec26f839a5991b598ca,c1f49f4f801f5910663205b3e9e9653bf91602492c2448d23040d7a870feda7a,pending,pending,pending,pending,pending,pending,not created,,
spacecraft_options,124,spacecraft_options/spacecraftoptions_varinitmass,2e0073207d7068179f294d911937f75c414c60c575b24782b6826a0a68a5298d,8e7d630747bee388cd6230e463add4bfb8a348970e2477f87ac32f4edcfae381,pending,pending,pending,pending,pending,pending,not created,,
state_representation_tests,125,state_representation_tests/FreePointArrival_IncomingBplaneRpTA_testatron,249b6753e5a399b60a71ac9b51121445c9280831a4c8f1fc53ea4f5fd11cb3f2,5ba60f27bf573778320e8c88718e02a4880939bcc5fac31656d86f884d6d4de1,pending,pending,pending,pending,pending,pending,not created,SNOPT replay did not reproduce the immutable baseline,
state_representation_tests,126,state_representation_tests/FreePointArrival_OutgoingBplaneRpTA_testatron,a1e3f2726eca7e34321968fd1220a02dc6071e54e2e20e1c953afa20954e25e2,aa8df7df12c83ba08aff292f90265a748edeace760138a3ead15fb115cab4046,pending,pending,pending,pending,pending,pending,not created,,
state_representation_tests,127,state_representation_tests/FreePointDeparture_IncomingBplaneRpTA_testatron,3b9a15597372bb5b818c51090152a79d7e2804b2fc8ef934008d0c012aa42118,a62bc598b57b8ec7ec2562502fcb6903fe04e81709c0b33098a95b7dc2c75b85,pending,pending,pending,pending,pending,pending,not created,,
state_representation_tests,128,state_representation_tests/FreePointDeparture_OutgoingBplaneRpTA_testatron,7718a61839320a1ba217ecb63903140638714e04cd00892aaf3e52b57b649c79,c11259b7061f6231ecb8825eb9c976aae78d1313bebce03ef7860c0245c778a6,pending,pending,pending,pending,pending,pending,not created,,
state_representation_tests,129,state_representation_tests/PeriapseArrival_IncomingBplaneRpTA_testatron,24f8f86f27abb4fb7db93ef2d34a719bcec0761a691d7a15aecd4f4d3a2f95d2,6adb63b3c64f2dad04853d04eda15b0970714116925d0f74530f8f0587921cc2,pending,pending,pending,pending,pending,pending,not created,,
state_representation_tests,130,state_representation_tests/PeriapseArrival_OutgoingBplaneRpTA_testatron,98f641a711181d3cf7f1bf2b1b8445de3d809c20aa5e9aed3333a100ad456abe,bd55be876b9636a76531f2899d01c5f5367555f7a95194fe071ce4866c8545b0,pending,pending,pending,pending,pending,pending,not created,,
transcription_tests,131,transcription_tests/CoastPhase_EMintercept,f275ffec274fe992446b8d2dc6dfc051691eeca1ac4e57ba0f32c3ec8a8d7e80,f4accdd54a4bd58a2c4941182f3a621d9e3c96b811e3cfe53f7408f073c2b215,pending,pending,pending,pending,pending,pending,not created,SNOPT replay did not reproduce the immutable baseline,
transcription_tests,132,transcription_tests/FBLT_EMintercept,d82bfa68eeb21382fdc0350b2ec36ff7aa31a16d64acc16887d359f7000876e0,833de49b84602965000ba403fb5a0514d69b1f1f12aaa5f98b3e01c71579f06f,pending,pending,pending,pending,pending,pending,not created,,
transcription_tests,133,transcription_tests/MGALT_EMintercept,4030cb7a1c27cbe012331525e102cdf847860f9a503ec17e3ee0cc5e00c27266,a3bfaac8074d5cdf76d15418962c17381a89f902ad2b10550eee00f5cff82d6c,pending,pending,pending,pending,pending,pending,not created,,
transcription_tests,134,transcription_tests/MGAnDSMs_EMintercept,a99d961fd4c01f3b103bba0599f5c0d918be93617babc2c28ca58c060cb74116,21af519c78b2e718f6867fb8ef153e1e4d7dffa2d68fe2ba03809370d01bd485,pending,pending,pending,pending,pending,pending,not created,,
transcription_tests,135,transcription_tests/PSBI_EMintercept,d9d3f3ddaaef7aa00d8a0ee5bccb70c8f68ecd33df9050e0fc4f902a56dd132e,c21fd0f23aab577141d7254d7db4ad41d89d4d0c1bb0b97b595225fe40700aef,pending,pending,pending,pending,pending,pending,not created,,
transcription_tests,136,transcription_tests/PSFB_EMintercept,de2a0a93c7e14b24a6a6823f8e2cad8201611786db985e1b6e78164d547cedc4,e778f3352bf8aafa1a2b980f2de4b846c21bdc725cab4d78743b30e967b42f58,pending,pending,pending,pending,pending,pending,not created,,
transcription_tests,137,transcription_tests/SundmanCoastPhase_EMintercept,ba38300a0a97f49c02392a032ca855d8c686b4c794994956c3d617dfdb013579,5eaf56c07daeda784c88ef288d7a6d90eb92b68bd0f39717f05b350f0d96a02a,pending,pending,pending,pending,pending,pending,not created,,